{"cameraMode":{"drawMode":0,"name":"Shaded","section":"Shading Mode"},"sceneLighting":true,"audioPlay":false,"sceneViewState":{"m_AlwaysRefresh":false,"showFog":true,"showSkybox":true,"showFlares":true,"showImageEffects":true,"showParticleSystems":true,"showVisualEffectGraphs":true,"m_FxEnabled":true},"in2DMode":false,"pivot":{"x":-0.010497238487005234,"y":-1.2867670059204102,"z":8.185335159301758},"rotation":{"x":0.16070175170898438,"y":-0.0014778128825128079,"z":0.00025797291891649365,"w":0.9870294332504273},"size":9.004386901855469,"orthographic":false}