{"cameraMode":{"drawMode":0,"name":"Shaded","section":"Shading Mode"},"sceneLighting":false,"audioPlay":false,"sceneViewState":{"m_AlwaysRefresh":false,"showFog":true,"showSkybox":false,"showFlares":true,"showImageEffects":true,"showParticleSystems":true,"showVisualEffectGraphs":true,"m_FxEnabled":true},"in2DMode":false,"pivot":{"x":10.584352493286133,"y":-0.015723032876849176,"z":-0.9378383755683899},"rotation":{"x":0.246909037232399,"y":0.055200885981321338,"z":-0.014087836258113385,"w":0.9673843383789063},"size":1.9344841241836548,"orthographic":false}